,Referencia,Fecha Alta,Tipo,Operación,Provincia,Superficie,Precio Venta,Fecha Venta,Vendedor
2080,2081,2006-01-18,Local,Venta,Girona,66,500610,2006-05-15,Luisa
2081,2082,2006-01-19,Piso,Alquiler,Tarragona,114,938562,2006-06-16,María
2082,2083,2006-01-19,Piso,Venta,Girona,267,2245203,2006-07-28,María
2083,2084,2006-01-19,Parking,Alquiler,Girona,188,1422220,2006-07-20,María
2084,2085,2006-01-19,Industrial,Venta,Girona,296,2387832,2006-06-28,María
2085,2086,2006-01-20,Local,Alquiler,Girona,256,1428480,2006-06-26,Pedro
2086,2087,2006-01-20,Parking,Alquiler,Barcelona,265,2119735,2006-10-15,Pedro
2087,2088,2006-01-21,Industrial,Venta,Lleida,101,674276,2006-10-30,Luisa
2088,2089,2006-01-21,Suelo,Alquiler,Tarragona,41,255061,2006-12-15,Pedro
2089,2090,2006-01-21,Suelo,Alquiler,Lleida,178,1104846,2006-06-08,Jesús
2090,2091,2006-01-23,Suelo,Venta,Lleida,171,1298403,2006-08-31,Carmen
2091,2092,2006-01-23,Suelo,Venta,Girona,85,472685,2006-09-01,Pedro
2092,2093,2006-01-23,Industrial,Alquiler,Tarragona,293,1182841,2006-06-15,María
2093,2094,2006-01-23,Casa,Alquiler,Girona,154,1427118,2006-10-03,Pedro
2094,2095,2006-01-23,Local,Venta,Lleida,40,272880,2006-09-01,María
2095,2096,2006-01-23,Local,Alquiler,Lleida,137,831316,2006-11-11,Jesús
2096,2097,2006-01-23,Local,Alquiler,Tarragona,190,1469460,2007-01-10,Carmen
2097,2098,2006-01-24,Oficina,Alquiler,Girona,123,1133199,2006-09-23,Luisa
2098,2099,2006-01-24,Local,Venta,Lleida,144,1247760,2006-08-03,Luisa
2099,2100,2006-01-24,Casa,Venta,Lleida,80,727680,2006-07-12,Joaquín
2100,2101,2006-01-24,Piso,Venta,Tarragona,220,1522840,2006-05-02,María
2101,2102,2006-01-24,Local,Venta,Tarragona,197,1489911,2006-04-24,Carmen
2102,2103,2006-01-25,Casa,Alquiler,Tarragona,229,1447509,2006-04-29,Joaquín
2103,2104,2006-01-25,Oficina,Venta,Barcelona,223,1970874,2006-06-08,Joaquín
2104,2105,2006-01-25,Oficina,Alquiler,Lleida,237,1438827,2006-05-12,Pedro
2105,2106,2006-01-25,Parking,Alquiler,Tarragona,212,1440540,2006-10-10,Jesús
2106,2107,2006-01-25,Industrial,Venta,Lleida,84,816228,2006-12-22,Jesús
2107,2108,2006-01-26,Oficina,Venta,Tarragona,139,1197485,2007-01-24,Pedro
2108,2109,2006-01-26,Casa,Venta,Lleida,91,528892,2006-12-14,María
2109,2110,2006-01-26,Suelo,Alquiler,Barcelona,273,1528254,2006-06-15,Pedro
2110,2111,2006-01-26,Oficina,Venta,Lleida,261,2233899,2006-10-29,Luisa
2111,2112,2006-01-26,Parking,Venta,Tarragona,81,709560,2006-06-28,Joaquín
2112,2113,2006-01-26,Oficina,Venta,Lleida,258,2111472,2006-05-31,Joaquín
2113,2114,2006-01-27,Oficina,Alquiler,Lleida,136,656744,2006-05-15,Luisa
2114,2115,2006-01-28,Casa,Alquiler,Tarragona,254,1713992,2006-07-08,Pedro
2115,2116,2006-01-28,Parking,Alquiler,Tarragona,294,1355046,2006-10-02,Jesús
2116,2117,2006-01-29,Suelo,Alquiler,Lleida,95,748790,2007-01-08,Luisa
2117,2118,2006-01-29,Industrial,Venta,Lleida,246,1285842,2006-08-09,Jesús
2118,2119,2006-01-29,Suelo,Alquiler,Girona,98,509600,2006-11-10,Pedro
2119,2120,2006-01-30,Oficina,Alquiler,Girona,75,378900,2006-12-16,Carmen
2120,2121,2006-01-30,Industrial,Alquiler,Tarragona,169,810186,2006-12-05,Joaquín
2121,2122,2006-01-30,Oficina,Alquiler,Girona,123,757434,2006-08-23,Pedro
2122,2123,2006-01-31,Local,Venta,Barcelona,56,550816,2006-12-03,Jesús
2123,2124,2006-02-01,Parking,Venta,Lleida,89,475171,2006-10-12,Luisa
2124,2125,2006-02-01,Casa,Venta,Barcelona,95,650750,2006-09-24,Carmen
2125,2126,2006-02-01,Piso,Venta,Barcelona,252,2381400,2006-06-13,María
2126,2127,2006-02-01,Piso,Venta,Lleida,157,1409546,2007-01-05,Pedro
2127,2128,2006-02-02,Parking,Venta,Lleida,264,2181432,2006-12-25,María
2128,2129,2006-02-02,Casa,Alquiler,Barcelona,234,1286766,2006-10-12,Luisa
2129,2130,2006-02-02,Piso,Venta,Lleida,168,928368,2006-12-25,Jesús
2130,2131,2006-02-02,Oficina,Alquiler,Tarragona,288,1820448,2006-11-13,Joaquín
2131,2132,2006-02-03,Suelo,Alquiler,Tarragona,210,1482810,2006-11-23,Carmen
2132,2133,2006-02-03,Casa,Venta,Barcelona,40,190280,2006-11-22,Joaquín
2133,2134,2006-02-03,Parking,Venta,Lleida,235,2290545,2006-08-22,Carmen
2134,2135,2006-02-04,Industrial,Alquiler,Tarragona,283,1709037,2006-07-14,Carmen
2135,2136,2006-02-04,Piso,Venta,Tarragona,68,669664,2006-05-29,Jesús
2136,2137,2006-02-04,Local,Venta,Tarragona,216,1204200,2007-01-17,Joaquín
2137,2138,2006-02-04,Parking,Venta,Girona,108,1041120,2006-05-07,Pedro
2138,2139,2006-02-05,Industrial,Alquiler,Lleida,129,1140876,2006-07-02,Pedro
2139,2140,2006-02-05,Piso,Alquiler,Lleida,194,1315126,2006-09-11,Luisa
2140,2141,2006-02-06,Industrial,Alquiler,Lleida,65,272545,2006-06-23,Carmen
2141,2142,2006-02-06,Suelo,Alquiler,Tarragona,88,808192,2007-01-17,Carmen
2142,2143,2006-02-06,Parking,Alquiler,Tarragona,124,536672,2007-01-30,María
2143,2144,2006-02-07,Piso,Alquiler,Tarragona,218,1677728,2006-05-19,Pedro
2144,2145,2006-02-07,Oficina,Venta,Tarragona,46,224342,2006-06-14,Jesús
2145,2146,2006-02-07,Piso,Venta,Tarragona,95,570760,2006-07-01,María
2146,2147,2006-02-07,Casa,Venta,Barcelona,104,682240,2006-08-30,Jesús
2147,2148,2006-02-07,Oficina,Alquiler,Tarragona,206,1747292,2006-06-11,Carmen
2148,2149,2006-02-08,Oficina,Alquiler,Barcelona,142,693244,2006-09-19,Jesús
2149,2150,2006-02-08,Industrial,Alquiler,Barcelona,211,1155436,2006-12-27,Pedro
2150,2151,2006-02-09,Local,Venta,Lleida,43,303365,2006-12-24,Pedro
2151,2152,2006-02-09,Piso,Venta,Barcelona,293,1298869,2006-07-11,Jesús
2152,2153,2006-02-09,Parking,Venta,Barcelona,227,2001232,2006-12-06,María
2153,2154,2006-02-09,Oficina,Venta,Girona,200,1539800,2006-12-25,Carmen
2154,2155,2006-02-09,Industrial,Alquiler,Girona,252,1949220,2006-10-20,Carmen
2155,2156,2006-02-09,Industrial,Alquiler,Tarragona,259,1627556,2006-05-30,María
2156,2157,2006-02-10,Casa,Venta,Tarragona,254,1522222,2007-02-05,María
2157,2158,2006-02-11,Casa,Venta,Tarragona,96,652896,2006-11-07,Joaquín
2158,2159,2006-02-11,Oficina,Venta,Barcelona,233,1157544,2006-06-10,Jesús
2159,2160,2006-02-12,Piso,Alquiler,Tarragona,118,734786,2006-07-19,Joaquín
2160,2161,2006-02-12,Parking,Venta,Lleida,210,1511160,2006-10-21,Luisa
2161,2162,2006-02-12,Piso,Alquiler,Barcelona,184,864248,2006-07-18,María
2162,2163,2006-02-12,Piso,Alquiler,Lleida,141,1401822,2006-05-29,María
2163,2164,2006-02-12,Oficina,Venta,Tarragona,62,506540,2006-10-08,Joaquín
2164,2165,2006-02-13,Casa,Venta,Barcelona,83,444299,2007-01-18,Joaquín
2165,2166,2006-02-14,Parking,Alquiler,Girona,131,1163542,2007-01-18,Luisa
2166,2167,2006-02-15,Suelo,Venta,Barcelona,149,1436211,2007-02-01,María
2167,2168,2006-02-15,Piso,Alquiler,Tarragona,84,481992,2006-07-28,Jesús
2168,2169,2006-02-15,Suelo,Venta,Tarragona,227,2069786,2006-10-16,Luisa
2169,2170,2006-02-15,Parking,Alquiler,Tarragona,132,973764,2006-05-19,Joaquín
2170,2171,2006-02-16,Industrial,Alquiler,Barcelona,114,636918,2007-01-10,Luisa
2171,2172,2006-02-16,Industrial,Alquiler,Lleida,201,1733022,2006-09-08,Pedro
2172,2173,2006-02-16,Oficina,Venta,Tarragona,279,2331324,2006-08-02,Joaquín
2173,2174,2006-02-16,Suelo,Venta,Lleida,188,1541976,2006-07-19,Joaquín
2174,2175,2006-02-16,Casa,Alquiler,Lleida,117,561132,2006-10-08,Luisa
2175,2176,2006-02-16,Suelo,Alquiler,Tarragona,276,1302720,2006-11-09,María
2176,2177,2006-02-17,Suelo,Alquiler,Barcelona,78,366132,2006-11-20,Jesús
2177,2178,2006-02-17,Industrial,Venta,Girona,271,2108109,2006-12-24,Pedro
2178,2179,2006-02-17,Oficina,Venta,Girona,127,928243,2006-05-25,María
2179,2180,2006-02-17,Piso,Alquiler,Tarragona,101,673670,2006-07-05,Pedro
2180,2181,2006-02-17,Suelo,Venta,Lleida,153,1140156,2006-06-30,Joaquín
2181,2182,2006-02-18,Industrial,Venta,Tarragona,126,1031058,2006-09-13,Carmen
2182,2183,2006-02-18,Local,Venta,Tarragona,55,262185,2007-02-02,Joaquín
2183,2184,2006-02-18,Suelo,Alquiler,Tarragona,107,839522,2006-08-11,Luisa
2184,2185,2006-02-18,Local,Alquiler,Girona,88,770968,2006-10-27,Luisa
2185,2186,2006-02-20,Parking,Alquiler,Barcelona,228,1815336,2006-06-10,Jesús
2186,2187,2006-02-20,Industrial,Alquiler,Tarragona,71,342078,2006-12-28,Pedro
2187,2188,2006-02-20,Oficina,Venta,Girona,245,1660120,2006-11-26,Pedro
2188,2189,2006-02-20,Local,Venta,Girona,271,1647409,2007-01-12,Pedro
2189,2190,2006-02-20,Piso,Venta,Tarragona,217,1912638,2006-10-22,Luisa
2190,2191,2006-02-20,Casa,Alquiler,Tarragona,88,544896,2006-12-08,Carmen
2191,2192,2006-02-21,Casa,Venta,Lleida,249,1307250,2006-11-20,Luisa
2192,2193,2006-02-21,Parking,Alquiler,Barcelona,260,2470000,2006-05-27,Luisa
2193,2194,2006-02-21,Local,Alquiler,Tarragona,154,1109262,2006-06-06,Carmen
2194,2195,2006-02-22,Casa,Venta,Lleida,168,850752,2006-07-12,Joaquín
2195,2196,2006-02-22,Oficina,Alquiler,Barcelona,64,319616,2006-07-06,Carmen
2196,2197,2006-02-22,Oficina,Venta,Lleida,160,800160,2006-10-12,Jesús
2197,2198,2006-02-22,Local,Venta,Barcelona,110,704770,2007-01-17,Pedro
2198,2199,2006-02-22,Industrial,Venta,Tarragona,193,982563,2006-05-26,Pedro
2199,2200,2006-02-23,Casa,Venta,Girona,272,1586032,2007-01-23,María
2200,2201,2006-02-24,Industrial,Alquiler,Barcelona,257,1598283,2007-02-03,Luisa
2201,2202,2006-02-24,Parking,Venta,Barcelona,135,764505,2006-06-10,Pedro
2202,2203,2006-02-24,Casa,Alquiler,Tarragona,78,443976,2006-07-17,Jesús
2203,2204,2006-02-27,Industrial,Alquiler,Tarragona,81,788697,2006-08-18,Luisa
2204,2205,2006-02-27,Industrial,Venta,Lleida,166,685082,2007-02-02,Joaquín
2205,2206,2006-02-28,Casa,Venta,Girona,121,1002122,2006-07-13,Pedro
2206,2207,2006-02-28,Casa,Venta,Barcelona,281,2577332,2006-07-03,Carmen
2207,2208,2006-02-28,Industrial,Venta,Tarragona,100,888900,2006-08-02,Joaquín
2208,2209,2006-03-01,Oficina,Venta,Tarragona,296,1761200,2007-02-13,Joaquín
2209,2210,2006-03-01,Local,Alquiler,Lleida,240,1706400,2006-08-29,Pedro
2210,2211,2006-03-01,Local,Venta,Lleida,146,1095146,2006-10-21,María
2211,2212,2006-03-01,Local,Venta,Barcelona,287,1351196,2006-06-18,Jesús
2212,2213,2006-03-02,Suelo,Alquiler,Girona,97,493924,2007-01-21,Luisa
2213,2214,2006-03-02,Industrial,Venta,Girona,249,1882440,2006-12-16,Carmen
2214,2215,2006-03-02,Suelo,Alquiler,Lleida,141,659316,2006-10-14,Luisa
2215,2216,2006-03-03,Casa,Alquiler,Girona,125,657500,2007-03-02,Carmen
2216,2217,2006-03-03,Local,Venta,Tarragona,130,703950,2006-10-28,María
2217,2218,2006-03-03,Casa,Alquiler,Barcelona,243,1918728,2006-07-26,Luisa
2218,2219,2006-03-03,Oficina,Alquiler,Lleida,74,697746,2007-01-11,Carmen
2219,2220,2006-03-04,Suelo,Alquiler,Lleida,48,348720,2006-11-26,Luisa
2220,2221,2006-03-04,Parking,Alquiler,Girona,269,1908286,2007-01-29,Jesús
2221,2222,2006-03-04,Industrial,Venta,Girona,201,1929198,2006-08-16,María
2222,2223,2006-03-04,Piso,Alquiler,Girona,99,927927,2006-09-04,María
2223,2224,2006-03-05,Parking,Venta,Barcelona,293,1996209,2006-07-26,Jesús
2224,2225,2006-03-05,Suelo,Venta,Tarragona,243,1552041,2006-12-03,Luisa
2225,2226,2006-03-05,Oficina,Alquiler,Girona,177,980934,2006-09-11,Luisa
2226,2227,2006-03-06,Casa,Venta,Girona,131,732028,2006-07-04,Pedro
2227,2228,2006-03-06,Suelo,Venta,Tarragona,176,1463264,2006-12-21,Pedro
2228,2229,2006-03-06,Local,Alquiler,Lleida,126,1177722,2007-02-14,Pedro
2229,2230,2006-03-06,Local,Alquiler,Girona,143,1205347,2006-12-22,María
2230,2231,2006-03-07,Industrial,Alquiler,Girona,223,1510825,2006-06-19,Luisa
2231,2232,2006-03-07,Parking,Venta,Barcelona,227,2257515,2007-02-06,Luisa
2232,2233,2006-03-07,Suelo,Alquiler,Girona,162,1202850,2006-11-30,Pedro
2233,2234,2006-03-08,Oficina,Alquiler,Barcelona,177,1191033,2006-06-27,Carmen
2234,2235,2006-03-08,Suelo,Venta,Barcelona,62,500836,2007-02-16,Joaquín
2235,2236,2006-03-08,Piso,Venta,Tarragona,138,1343844,2007-01-01,Carmen
2236,2237,2006-03-08,Industrial,Venta,Tarragona,248,1460224,2007-01-26,María
2237,2238,2006-03-08,Casa,Alquiler,Lleida,217,1659833,2007-03-01,Luisa
2238,2239,2006-03-09,Oficina,Alquiler,Tarragona,272,1705712,2006-06-19,Joaquín
2239,2240,2006-03-09,Casa,Venta,Girona,52,503828,2006-09-26,Jesús
2240,2241,2006-03-11,Suelo,Alquiler,Girona,258,1930614,2006-07-07,Joaquín
2241,2242,2006-03-11,Industrial,Venta,Tarragona,84,708792,2007-02-26,Luisa
2242,2243,2006-03-11,Piso,Alquiler,Barcelona,45,446940,2006-07-17,Pedro
2243,2244,2006-03-12,Casa,Alquiler,Girona,150,1159650,2006-09-22,Joaquín
2244,2245,2006-03-13,Parking,Alquiler,Barcelona,182,1489124,2007-02-22,Pedro
2245,2246,2006-03-13,Industrial,Alquiler,Girona,240,2175360,2006-09-07,Luisa
2246,2247,2006-03-13,Industrial,Alquiler,Tarragona,214,1331936,2006-12-04,Joaquín
2247,2248,2006-03-13,Casa,Venta,Barcelona,143,616044,2007-01-19,Carmen
2248,2249,2006-03-14,Suelo,Venta,Girona,229,1243699,2007-02-11,María
2249,2250,2006-03-14,Industrial,Alquiler,Barcelona,63,343602,2006-10-16,Carmen
2250,2251,2006-03-15,Casa,Alquiler,Girona,283,1219730,2006-07-26,Pedro
2251,2252,2006-03-15,Parking,Venta,Lleida,48,400512,2006-07-22,Pedro
2252,2253,2006-03-16,Piso,Venta,Tarragona,258,1646556,2006-11-30,Carmen
2253,2254,2006-03-16,Oficina,Alquiler,Tarragona,87,603780,2007-03-07,Joaquín
2254,2255,2006-03-16,Oficina,Alquiler,Lleida,178,1171418,2006-12-05,María
2255,2256,2006-03-17,Industrial,Alquiler,Barcelona,121,764115,2006-11-19,Joaquín
2256,2257,2006-03-17,Piso,Alquiler,Girona,196,1611708,2007-01-08,Jesús
2257,2258,2006-03-18,Parking,Alquiler,Barcelona,60,358620,2006-11-26,María
2258,2259,2006-03-19,Oficina,Alquiler,Girona,286,1413698,2007-03-15,Carmen
2259,2260,2006-03-19,Oficina,Alquiler,Barcelona,83,743265,2007-01-03,Joaquín
2260,2261,2006-03-20,Industrial,Alquiler,Lleida,93,435333,2006-10-19,Jesús
2261,2262,2006-03-20,Piso,Venta,Tarragona,199,1685729,2006-12-27,Luisa
2262,2263,2006-03-20,Casa,Alquiler,Tarragona,220,1550780,2006-10-21,Carmen
2263,2264,2006-03-20,Industrial,Alquiler,Lleida,274,1456858,2006-07-28,Pedro
2264,2265,2006-03-21,Local,Alquiler,Tarragona,149,948832,2007-01-14,Joaquín
2265,2266,2006-03-21,Oficina,Venta,Girona,290,2797050,2006-10-02,Luisa
2266,2267,2006-03-21,Local,Venta,Barcelona,151,776442,2006-08-21,Jesús
2267,2268,2006-03-21,Parking,Alquiler,Girona,97,885998,2007-01-31,Carmen
2268,2269,2006-03-23,Industrial,Venta,Tarragona,185,867465,2007-02-05,María
2269,2270,2006-03-23,Oficina,Venta,Girona,202,823150,2007-01-31,Jesús
2270,2271,2006-03-23,Local,Alquiler,Girona,225,1501650,2006-06-22,Jesús
2271,2272,2006-03-24,Local,Alquiler,Tarragona,191,926350,2006-09-22,Carmen
2272,2273,2006-03-25,Piso,Alquiler,Tarragona,150,1396200,2006-07-31,Pedro
2273,2274,2006-03-26,Parking,Alquiler,Lleida,114,978120,2007-01-19,María
2274,2275,2006-03-26,Suelo,Venta,Tarragona,114,461130,2006-12-26,Joaquín
2275,2276,2006-03-26,Casa,Alquiler,Barcelona,235,2145315,2007-02-09,Joaquín
2276,2277,2006-03-26,Oficina,Venta,Girona,263,2034042,2006-09-08,Carmen
2277,2278,2006-03-26,Oficina,Alquiler,Tarragona,294,2427558,2007-01-30,Pedro
2278,2279,2006-03-28,Oficina,Venta,Tarragona,66,328482,2006-12-14,Joaquín
2279,2280,2006-03-28,Parking,Alquiler,Tarragona,290,1442460,2007-01-28,Carmen
2280,2281,2006-03-28,Suelo,Alquiler,Barcelona,254,1558036,2007-03-15,María
2281,2282,2006-03-29,Casa,Venta,Tarragona,76,385396,2007-02-17,Jesús
2282,2283,2006-03-29,Oficina,Alquiler,Girona,42,238014,2006-09-04,Pedro
2283,2284,2006-03-29,Local,Alquiler,Girona,70,433370,2006-09-20,María
2284,2285,2006-03-30,Piso,Venta,Girona,203,875336,2006-08-28,María
2285,2286,2006-03-30,Local,Venta,Lleida,108,780516,2006-10-07,Joaquín
2286,2287,2006-03-30,Suelo,Venta,Tarragona,230,1690730,2006-11-15,Carmen
2287,2288,2006-03-30,Industrial,Venta,Girona,134,780148,2006-08-23,Joaquín
2288,2289,2006-03-31,Industrial,Venta,Barcelona,111,882783,2006-09-07,María
2289,2290,2006-03-31,Piso,Venta,Lleida,97,950891,2007-03-13,Luisa
2290,2291,2006-03-31,Piso,Venta,Girona,283,1227937,2006-12-31,Joaquín
2291,2292,2006-03-31,Suelo,Venta,Barcelona,295,1490930,2007-03-14,Joaquín
2292,2293,2006-04-01,Local,Venta,Tarragona,102,828138,2006-11-12,Carmen
2293,2294,2006-04-01,Suelo,Venta,Tarragona,112,485520,2006-12-08,Luisa
2294,2295,2006-04-01,Local,Venta,Barcelona,155,1425690,2006-11-08,Jesús
2295,2296,2006-04-01,Casa,Alquiler,Tarragona,118,746940,2006-11-25,Jesús
2296,2297,2006-04-01,Casa,Alquiler,Lleida,164,771292,2006-09-22,Joaquín
2297,2298,2006-04-01,Oficina,Venta,Tarragona,118,733134,2007-01-21,Jesús
2298,2299,2006-04-02,Industrial,Alquiler,Girona,41,403727,2006-12-26,Jesús
2299,2300,2006-04-02,Oficina,Venta,Tarragona,128,1213312,2006-11-02,María
2300,2301,2006-04-02,Casa,Alquiler,Tarragona,190,1760920,2006-10-22,Jesús
2301,2302,2006-04-03,Suelo,Alquiler,Tarragona,123,978588,2006-08-09,Jesús
2302,2303,2006-04-03,Industrial,Alquiler,Girona,79,595660,2006-09-03,Pedro
2303,2304,2006-04-04,Local,Venta,Barcelona,185,779220,2006-10-26,María
2304,2305,2006-04-04,Casa,Alquiler,Barcelona,180,1071720,2007-03-31,Carmen
2305,2306,2006-04-04,Piso,Venta,Lleida,150,1267950,2006-09-15,Jesús
2306,2307,2006-04-05,Local,Alquiler,Tarragona,154,1405404,2006-09-08,María
2307,2308,2006-04-05,Local,Alquiler,Lleida,261,2598516,2006-08-29,Carmen
2308,2309,2006-04-05,Parking,Venta,Tarragona,298,2236490,2007-01-07,Joaquín
2309,2310,2006-04-06,Suelo,Venta,Girona,82,593352,2006-11-25,Joaquín
2310,2311,2006-04-06,Suelo,Alquiler,Girona,80,770800,2006-11-02,Pedro
2311,2312,2006-04-07,Parking,Alquiler,Girona,261,1189377,2006-09-19,Jesús
2312,2313,2006-04-07,Suelo,Alquiler,Girona,82,418610,2007-03-03,Joaquín
2313,2314,2006-04-07,Suelo,Alquiler,Barcelona,234,1475136,2006-09-18,Carmen
2314,2315,2006-04-07,Local,Alquiler,Lleida,84,412272,2006-11-08,Luisa
2315,2316,2006-04-07,Parking,Venta,Girona,181,1789185,2007-01-27,Carmen
2316,2317,2006-04-08,Parking,Venta,Tarragona,151,737635,2007-03-12,Carmen
2317,2318,2006-04-08,Suelo,Venta,Tarragona,179,809080,2006-09-01,Jesús
2318,2319,2006-04-09,Piso,Venta,Lleida,47,313537,2007-01-05,Joaquín
2319,2320,2006-04-09,Oficina,Alquiler,Tarragona,113,704894,2007-01-27,Carmen
2320,2321,2006-04-09,Casa,Alquiler,Tarragona,58,407044,2006-08-29,Jesús
2321,2322,2006-04-09,Casa,Alquiler,Barcelona,45,402885,2007-03-28,Joaquín
2322,2323,2006-04-09,Local,Venta,Tarragona,141,1058628,2007-01-29,Luisa
2323,2324,2006-04-10,Piso,Venta,Girona,182,1400308,2007-01-07,Joaquín
2324,2325,2006-04-10,Parking,Alquiler,Barcelona,89,711199,2006-08-21,Carmen
2325,2326,2006-04-10,Casa,Venta,Girona,89,729444,2006-12-27,Luisa
2326,2327,2006-04-11,Industrial,Venta,Tarragona,161,1240827,2007-03-05,Carmen
2327,2328,2006-04-11,Local,Alquiler,Barcelona,130,1276600,2007-01-04,María
2328,2329,2006-04-12,Local,Venta,Tarragona,188,1772840,2006-12-08,Pedro
2329,2330,2006-04-12,Parking,Alquiler,Tarragona,124,1026596,2007-03-28,Carmen
2330,2331,2006-04-12,Parking,Venta,Lleida,224,1901536,2007-03-23,Joaquín
2331,2332,2006-04-12,Industrial,Venta,Lleida,180,984780,2006-09-01,Joaquín
2332,2333,2006-04-13,Industrial,Venta,Lleida,135,973890,2007-01-09,Joaquín
2333,2334,2006-04-13,Industrial,Venta,Barcelona,288,1781568,2006-09-24,María
2334,2335,2006-04-14,Oficina,Venta,Girona,265,1944570,2006-09-27,Luisa
2335,2336,2006-04-14,Industrial,Alquiler,Barcelona,189,1192401,2007-03-20,Carmen
2336,2337,2006-04-14,Local,Venta,Barcelona,193,1826938,2006-09-12,Pedro
2337,2338,2006-04-15,Industrial,Alquiler,Girona,154,960960,2007-03-23,Jesús
2338,2339,2006-04-16,Local,Venta,Lleida,211,958151,2007-02-01,Carmen
2339,2340,2006-04-16,Casa,Venta,Tarragona,196,1670116,2006-09-19,Pedro
2340,2341,2006-04-17,Piso,Venta,Girona,220,1282820,2006-11-25,Carmen
2341,2342,2006-04-17,Suelo,Venta,Lleida,244,1386164,2007-03-27,María
2342,2343,2006-04-18,Piso,Alquiler,Lleida,166,971100,2007-03-02,Luisa
2343,2344,2006-04-20,Oficina,Alquiler,Girona,120,1085160,2006-08-14,Luisa
2344,2345,2006-04-20,Oficina,Alquiler,Barcelona,89,673552,2007-01-21,Luisa
2345,2346,2006-04-21,Industrial,Venta,Lleida,143,1258972,2006-12-03,Luisa
2346,2347,2006-04-21,Oficina,Venta,Girona,205,886215,2006-12-05,Carmen
2347,2348,2006-04-21,Suelo,Alquiler,Lleida,121,652190,2006-12-09,Luisa
2348,2349,2006-04-22,Casa,Venta,Girona,107,668322,2007-04-13,María
2349,2350,2006-04-22,Oficina,Venta,Lleida,62,433008,2006-10-20,Carmen
2350,2351,2006-04-22,Parking,Alquiler,Lleida,94,559206,2006-09-23,Joaquín
2351,2352,2006-04-22,Local,Venta,Tarragona,252,1690164,2006-11-16,María
2352,2353,2006-04-22,Oficina,Venta,Barcelona,160,745600,2007-01-06,Joaquín
2353,2354,2006-04-22,Suelo,Alquiler,Lleida,48,224304,2007-02-11,Luisa
2354,2355,2006-04-22,Casa,Venta,Barcelona,289,1504823,2006-10-31,Luisa
2355,2356,2006-04-23,Parking,Venta,Girona,199,1777866,2006-12-23,Jesús
2356,2357,2006-04-23,Industrial,Alquiler,Girona,75,622200,2006-11-26,María
2357,2358,2006-04-23,Suelo,Venta,Girona,287,1567020,2006-08-17,Carmen
2358,2359,2006-04-25,Suelo,Alquiler,Girona,193,1363352,2007-04-02,Carmen
2359,2360,2006-04-25,Piso,Alquiler,Tarragona,212,1203524,2007-04-14,Luisa
2360,2361,2006-04-26,Local,Venta,Barcelona,218,2136182,2007-01-14,Luisa
2361,2362,2006-04-26,Industrial,Alquiler,Tarragona,187,1359677,2007-02-12,Pedro
2362,2363,2006-04-27,Parking,Alquiler,Tarragona,286,2398682,2006-08-06,Joaquín
2363,2364,2006-04-28,Parking,Alquiler,Girona,70,533680,2007-01-09,María
2364,2365,2006-04-28,Local,Alquiler,Tarragona,279,1794807,2006-11-18,Luisa
2365,2366,2006-04-28,Parking,Alquiler,Tarragona,270,1716390,2006-11-22,Jesús
2366,2367,2006-04-29,Local,Venta,Tarragona,243,2047761,2006-10-12,María
2367,2368,2006-04-29,Casa,Venta,Lleida,134,1024698,2006-11-09,Jesús
2368,2369,2006-04-29,Piso,Alquiler,Lleida,69,464577,2006-09-20,Joaquín
2369,2370,2006-04-29,Piso,Alquiler,Lleida,132,580800,2007-03-13,Joaquín
2370,2371,2006-04-29,Suelo,Venta,Lleida,270,2364390,2007-04-02,Luisa
2371,2372,2006-04-30,Local,Alquiler,Girona,220,1548800,2006-10-04,María
2372,2373,2006-04-30,Piso,Venta,Barcelona,200,1996000,2006-08-05,Joaquín
2373,2374,2006-05-01,Piso,Venta,Lleida,239,1264310,2007-02-15,Carmen
2374,2375,2006-05-01,Local,Venta,Girona,138,686826,2007-04-30,María
2375,2376,2006-05-01,Casa,Alquiler,Tarragona,296,2813776,2006-10-22,Luisa
2376,2377,2006-05-01,Parking,Alquiler,Girona,123,984369,2007-03-23,Pedro
2377,2378,2006-05-02,Local,Venta,Barcelona,292,1538256,2007-05-01,Jesús
2378,2379,2006-05-02,Piso,Venta,Barcelona,233,1220454,2007-04-18,Carmen
2379,2380,2006-05-02,Piso,Alquiler,Tarragona,238,1953742,2006-12-19,Joaquín
2380,2381,2006-05-02,Parking,Venta,Girona,205,1921260,2006-12-17,María
2381,2382,2006-05-03,Casa,Venta,Barcelona,148,749472,2006-10-26,María
2382,2383,2006-05-03,Industrial,Alquiler,Girona,250,1002500,2007-01-16,Carmen
2383,2384,2006-05-03,Casa,Venta,Girona,91,680043,2007-02-03,Pedro
2384,2385,2006-05-03,Industrial,Alquiler,Barcelona,188,1769644,2007-02-23,Carmen
2385,2386,2006-05-03,Piso,Alquiler,Lleida,144,1211184,2007-02-27,María
2386,2387,2006-05-04,Casa,Venta,Girona,294,1784580,2007-01-28,Luisa
2387,2388,2006-05-05,Parking,Venta,Lleida,106,594130,2006-12-03,Carmen
2388,2389,2006-05-05,Local,Alquiler,Girona,250,2281250,2007-03-08,Luisa
2389,2390,2006-05-05,Casa,Venta,Lleida,290,1853390,2007-05-01,Luisa
2390,2391,2006-05-08,Casa,Alquiler,Barcelona,257,1591344,2007-01-19,Luisa
2391,2392,2006-05-08,Oficina,Venta,Lleida,92,783380,2007-05-07,María
2392,2393,2006-05-09,Piso,Alquiler,Tarragona,283,2072692,2006-10-02,Carmen
2393,2394,2006-05-09,Industrial,Venta,Girona,171,708795,2007-04-07,Carmen
2394,2395,2006-05-10,Piso,Alquiler,Tarragona,300,2585100,2006-10-15,Luisa
2395,2396,2006-05-11,Local,Venta,Barcelona,170,1602930,2006-11-05,Joaquín
2396,2397,2006-05-12,Parking,Alquiler,Barcelona,236,2001280,2007-03-04,Jesús
2397,2398,2006-05-12,Parking,Alquiler,Tarragona,92,506184,2006-12-29,María
2398,2399,2006-05-12,Piso,Venta,Tarragona,106,729280,2007-03-22,Jesús
2399,2400,2006-05-12,Suelo,Alquiler,Lleida,104,831896,2007-02-22,Pedro
2400,2401,2006-05-13,Local,Venta,Girona,216,2144448,2007-01-26,María
2401,2402,2006-05-13,Suelo,Alquiler,Lleida,86,360942,2006-11-17,Jesús
2402,2403,2006-05-13,Oficina,Alquiler,Lleida,275,1819950,2006-11-11,Luisa
2403,2404,2006-05-13,Oficina,Venta,Girona,221,1356498,2006-10-10,Luisa
2404,2405,2006-05-14,Parking,Alquiler,Barcelona,210,1371720,2007-03-26,Pedro
2405,2406,2006-05-14,Suelo,Alquiler,Tarragona,197,1840571,2006-10-10,Luisa
2406,2407,2006-05-14,Local,Venta,Barcelona,139,560170,2006-08-27,Jesús
2407,2408,2006-05-14,Piso,Alquiler,Tarragona,199,817094,2006-10-12,María
2408,2409,2006-05-14,Suelo,Alquiler,Lleida,195,1790490,2006-12-16,Carmen
2409,2410,2006-05-15,Parking,Venta,Tarragona,67,615663,2007-03-24,Jesús
2410,2411,2006-05-15,Industrial,Venta,Tarragona,201,1163388,2007-01-24,Joaquín
2411,2412,2006-05-16,Local,Alquiler,Girona,277,1802993,2007-03-01,Joaquín
2412,2413,2006-05-16,Suelo,Alquiler,Tarragona,123,499380,2006-08-17,Joaquín
2413,2414,2006-05-16,Oficina,Alquiler,Lleida,257,2203004,2006-11-15,Pedro
2414,2415,2006-05-16,Oficina,Venta,Girona,295,2200405,2007-03-24,María
2415,2416,2006-05-16,Suelo,Venta,Girona,179,832529,2006-09-29,Jesús
2416,2417,2006-05-17,Local,Venta,Girona,184,1113016,2007-01-15,María
2417,2418,2006-05-18,Industrial,Alquiler,Girona,167,853370,2006-09-22,María
2418,2419,2006-05-18,Oficina,Alquiler,Lleida,176,1214576,2006-10-08,Luisa
2419,2420,2006-05-18,Piso,Alquiler,Lleida,149,1099024,2006-10-01,Luisa
2420,2421,2006-05-19,Industrial,Alquiler,Tarragona,49,248283,2007-04-14,María
2421,2422,2006-05-19,Industrial,Venta,Tarragona,280,2370200,2007-02-04,Luisa
2422,2423,2006-05-20,Oficina,Alquiler,Girona,156,1294176,2006-10-05,Carmen
2423,2424,2006-05-20,Oficina,Alquiler,Barcelona,225,1752975,2006-09-22,Jesús
2424,2425,2006-05-20,Suelo,Venta,Barcelona,285,2603190,2006-11-15,Joaquín
2425,2426,2006-05-20,Suelo,Venta,Girona,247,2320565,2007-05-01,Jesús
2426,2427,2006-05-21,Parking,Venta,Barcelona,213,928041,2006-12-10,Luisa
2427,2428,2006-05-21,Industrial,Alquiler,Lleida,277,2268076,2007-01-25,María
2428,2429,2006-05-21,Casa,Venta,Girona,273,2682225,,
2429,2430,2006-05-21,Casa,Venta,Girona,245,2037420,2007-04-04,Pedro
2430,2431,2006-05-22,Suelo,Venta,Lleida,271,2303500,2007-01-22,Luisa
2431,2432,2006-05-22,Local,Alquiler,Barcelona,232,1699168,2006-08-27,Carmen
2432,2433,2006-05-22,Piso,Venta,Girona,203,1315846,2007-02-27,Carmen
2433,2434,2006-05-23,Casa,Alquiler,Tarragona,202,1112010,2007-01-29,Pedro
2434,2435,2006-05-24,Parking,Alquiler,Lleida,125,822625,2007-01-31,Joaquín
2435,2436,2006-05-25,Suelo,Venta,Girona,61,380274,,
2436,2437,2006-05-25,Casa,Alquiler,Tarragona,195,1927770,2007-01-10,Jesús
2437,2438,2006-05-26,Piso,Venta,Lleida,129,818505,2006-08-30,Carmen
2438,2439,2006-05-26,Piso,Alquiler,Barcelona,43,379905,2006-12-26,Jesús
2439,2440,2006-05-26,Industrial,Alquiler,Girona,278,2336590,2006-12-26,Luisa
2440,2441,2006-05-27,Piso,Alquiler,Barcelona,207,1381104,2007-04-30,María
2441,2442,2006-05-27,Local,Alquiler,Lleida,80,786320,2007-01-05,Jesús
2442,2443,2006-05-27,Piso,Alquiler,Girona,233,1682260,,
2443,2444,2006-05-28,Oficina,Alquiler,Tarragona,106,795318,2006-09-11,Joaquín
2444,2445,2006-05-28,Parking,Alquiler,Lleida,194,1466058,2007-01-29,Carmen
2445,2446,2006-05-28,Piso,Alquiler,Girona,253,1162788,2007-01-22,Luisa
2446,2447,2006-05-28,Piso,Venta,Girona,106,922200,2007-03-16,Pedro
2447,2448,2006-05-29,Local,Alquiler,Tarragona,40,328720,2007-03-20,Luisa
2448,2449,2006-05-29,Suelo,Venta,Barcelona,228,2203620,2007-03-29,Joaquín
2449,2450,2006-05-29,Parking,Venta,Girona,202,1524898,2006-12-28,Carmen
2450,2451,2006-05-30,Oficina,Venta,Barcelona,65,458640,2006-11-26,Joaquín
2451,2452,2006-05-30,Suelo,Venta,Lleida,83,825518,2007-04-29,Joaquín
2452,2453,2006-05-30,Local,Venta,Tarragona,181,1438226,2006-12-27,Pedro
2453,2454,2006-05-31,Casa,Alquiler,Lleida,86,419250,2006-11-26,María
2454,2455,2006-05-31,Casa,Venta,Tarragona,190,1410370,2006-11-01,María
2455,2456,2006-05-31,Casa,Venta,Barcelona,156,916500,2006-09-11,Joaquín
2456,2457,2006-06-01,Piso,Venta,Lleida,234,1305720,2006-08-31,Luisa
2457,2458,2006-06-01,Casa,Alquiler,Tarragona,167,685368,2007-01-13,Carmen
2458,2459,2006-06-01,Casa,Venta,Lleida,270,1097010,2007-04-02,María
2459,2460,2006-06-02,Casa,Alquiler,Barcelona,209,2017268,2007-01-26,Luisa
2460,2461,2006-06-02,Parking,Alquiler,Girona,189,1342278,2006-12-16,Carmen
2461,2462,2006-06-02,Piso,Venta,Lleida,246,1044762,2007-03-22,María
2462,2463,2006-06-03,Piso,Venta,Girona,110,1026300,2007-02-08,Luisa
2463,2464,2006-06-03,Suelo,Venta,Tarragona,262,1843694,2006-12-29,Carmen
2464,2465,2006-06-03,Industrial,Venta,Lleida,122,1107028,2006-11-19,Pedro
2465,2466,2006-06-03,Oficina,Alquiler,Tarragona,91,696696,,
2466,2467,2006-06-03,Piso,Venta,Lleida,224,1705760,2007-03-03,Jesús
2467,2468,2006-06-04,Piso,Venta,Barcelona,57,360696,2007-02-05,Pedro
2468,2469,2006-06-04,Casa,Venta,Barcelona,260,1616680,2007-04-25,Carmen
2469,2470,2006-06-04,Parking,Venta,Girona,129,616878,2006-11-21,María
2470,2471,2006-06-05,Parking,Alquiler,Tarragona,211,1126951,2006-12-08,Joaquín
2471,2472,2006-06-05,Oficina,Venta,Tarragona,166,1068376,2007-03-14,Carmen
2472,2473,2006-06-05,Parking,Alquiler,Barcelona,173,1251828,2007-03-04,Joaquín
2473,2474,2006-06-06,Local,Venta,Lleida,126,1199394,2006-12-08,Carmen
2474,2475,2006-06-06,Piso,Alquiler,Lleida,264,1344024,2007-03-22,María
2475,2476,2006-06-06,Local,Alquiler,Tarragona,170,1397060,2007-04-30,Pedro
2476,2477,2006-06-06,Suelo,Alquiler,Lleida,217,1363411,2006-12-18,Carmen
2477,2478,2006-06-06,Suelo,Venta,Girona,294,2353176,2006-10-26,Pedro
2478,2479,2006-06-06,Parking,Venta,Tarragona,73,395879,2007-02-08,Jesús
2479,2480,2006-06-06,Parking,Alquiler,Tarragona,81,405324,,
2480,2481,2006-06-06,Oficina,Venta,Lleida,209,1637515,2007-04-12,Jesús
2481,2482,2006-06-06,Industrial,Venta,Barcelona,215,984915,2006-12-07,María
2482,2483,2006-06-07,Industrial,Alquiler,Girona,169,1447316,,
2483,2484,2006-06-07,Local,Alquiler,Lleida,201,1342278,2006-12-03,Luisa
2484,2485,2006-06-07,Industrial,Alquiler,Tarragona,270,2632500,2007-04-18,Carmen
2485,2486,2006-06-08,Casa,Venta,Girona,115,1147585,2006-11-13,Joaquín
2486,2487,2006-06-08,Suelo,Alquiler,Girona,71,378359,2007-01-11,Pedro
2487,2488,2006-06-08,Suelo,Alquiler,Tarragona,255,2380170,2006-09-30,Pedro
2488,2489,2006-06-09,Suelo,Alquiler,Lleida,267,2211294,2007-05-06,Joaquín
2489,2490,2006-06-10,Industrial,Alquiler,Tarragona,298,2693026,,
2490,2491,2006-06-10,Local,Venta,Girona,160,1368480,2007-01-07,Joaquín
2491,2492,2006-06-10,Local,Venta,Girona,90,872280,2007-04-17,Joaquín
2492,2493,2006-06-10,Industrial,Alquiler,Tarragona,119,1149897,2006-10-27,Luisa
2493,2494,2006-06-11,Casa,Venta,Girona,77,745822,2006-12-21,Jesús
2494,2495,2006-06-11,Piso,Venta,Girona,98,918652,,
2495,2496,2006-06-11,Piso,Venta,Barcelona,149,701492,2006-11-02,Carmen
2496,2497,2006-06-11,Local,Alquiler,Tarragona,133,936187,2007-02-10,Pedro
2497,2498,2006-06-11,Piso,Alquiler,Barcelona,126,1102500,2006-10-13,Pedro
2498,2499,2006-06-11,Local,Alquiler,Lleida,275,1443750,,
2499,2500,2006-06-11,Oficina,Venta,Barcelona,165,1204005,2007-01-23,María
2500,2501,2006-06-11,Casa,Alquiler,Girona,231,2069529,2006-12-24,Jesús
2501,2502,2006-06-13,Suelo,Venta,Tarragona,89,422750,,
2502,2503,2006-06-13,Parking,Venta,Girona,282,2717634,2006-11-30,Pedro
2503,2504,2006-06-13,Local,Venta,Barcelona,245,2090340,,
2504,2505,2006-06-14,Oficina,Venta,Lleida,239,2235367,2006-10-09,María
2505,2506,2006-06-15,Local,Alquiler,Girona,161,1027180,2006-10-17,María
2506,2507,2006-06-15,Oficina,Venta,Lleida,219,958563,,
2507,2508,2006-06-15,Suelo,Venta,Girona,204,1267452,,
2508,2509,2006-06-16,Industrial,Alquiler,Tarragona,164,1166860,2007-05-07,Joaquín
2509,2510,2006-06-16,Suelo,Venta,Barcelona,146,954986,2007-04-23,María
2510,2511,2006-06-16,Parking,Alquiler,Lleida,83,797215,2006-10-11,Pedro
2511,2512,2006-06-16,Piso,Venta,Tarragona,280,2384480,2007-01-01,Pedro
2512,2513,2006-06-17,Casa,Venta,Barcelona,180,887940,2006-10-12,Jesús
2513,2514,2006-06-17,Industrial,Venta,Lleida,134,1083256,2007-01-05,Jesús
2514,2515,2006-06-17,Local,Alquiler,Lleida,245,2030805,2006-12-11,María
2515,2516,2006-06-18,Suelo,Alquiler,Tarragona,45,181170,2007-02-05,Jesús
2516,2517,2006-06-18,Local,Alquiler,Girona,297,2162160,2006-12-28,Jesús
2517,2518,2006-06-18,Casa,Venta,Tarragona,248,1826024,,
2518,2519,2006-06-20,Oficina,Alquiler,Lleida,63,413910,2007-04-29,María
2519,2520,2006-06-21,Oficina,Venta,Girona,277,2250348,2007-04-21,Jesús
2520,2521,2006-06-21,Oficina,Venta,Lleida,212,1736068,2006-12-24,Joaquín
2521,2522,2006-06-21,Local,Alquiler,Girona,97,620218,2007-02-02,Jesús
2522,2523,2006-06-21,Casa,Alquiler,Barcelona,241,1327669,2007-03-10,Jesús
2523,2524,2006-06-22,Industrial,Venta,Tarragona,91,885339,2006-09-28,Pedro
2524,2525,2006-06-22,Casa,Alquiler,Tarragona,246,2198502,2006-11-10,Carmen
2525,2526,2006-06-23,Oficina,Alquiler,Tarragona,178,1010862,2006-11-08,Carmen
2526,2527,2006-06-23,Suelo,Venta,Lleida,298,2458798,2006-12-10,Jesús
2527,2528,2006-06-24,Suelo,Alquiler,Barcelona,177,718266,2007-03-20,Joaquín
2528,2529,2006-06-24,Suelo,Alquiler,Barcelona,281,1521615,2007-04-19,Carmen
2529,2530,2006-06-24,Parking,Alquiler,Barcelona,113,797215,2006-12-03,María
2530,2531,2006-06-25,Casa,Alquiler,Tarragona,213,1253505,2007-02-18,María
2531,2532,2006-06-25,Piso,Venta,Tarragona,66,373032,,
2532,2533,2006-06-25,Parking,Alquiler,Lleida,155,912330,2006-11-28,Pedro
2533,2534,2006-06-25,Oficina,Venta,Girona,246,1087812,2006-10-24,Jesús
2534,2535,2006-06-26,Piso,Venta,Lleida,99,819621,2006-10-11,Pedro
2535,2536,2006-06-27,Piso,Venta,Girona,214,1988702,,
2536,2537,2006-06-28,Piso,Alquiler,Girona,71,320281,2007-03-07,Jesús
2537,2538,2006-06-28,Casa,Venta,Lleida,214,1504420,2006-12-14,Joaquín
2538,2539,2006-06-30,Piso,Alquiler,Girona,68,396780,2007-02-10,Carmen
2539,2540,2006-06-30,Suelo,Alquiler,Girona,126,536634,,
2540,2541,2006-06-30,Suelo,Venta,Lleida,209,1844425,2007-04-10,Pedro
2541,2542,2006-06-30,Oficina,Venta,Girona,291,2849763,2007-04-28,Joaquín
2542,2543,2006-06-30,Industrial,Venta,Girona,46,373106,,
2543,2544,2006-07-01,Industrial,Alquiler,Barcelona,160,774400,2007-02-07,Joaquín
2544,2545,2006-07-01,Industrial,Venta,Girona,212,1691124,2006-10-19,María
2545,2546,2006-07-01,Parking,Alquiler,Girona,89,594698,2007-03-25,Jesús
2546,2547,2006-07-01,Parking,Alquiler,Lleida,234,1182636,2006-12-04,Carmen
2547,2548,2006-07-02,Industrial,Venta,Girona,195,1576380,2007-04-24,Luisa
2548,2549,2006-07-02,Parking,Alquiler,Tarragona,147,1362984,2007-02-12,Carmen
2549,2550,2006-07-02,Parking,Alquiler,Barcelona,163,1298947,2006-12-23,María
2550,2551,2006-07-02,Suelo,Alquiler,Tarragona,187,1059916,2006-10-03,Carmen
2551,2552,2006-07-03,Industrial,Alquiler,Lleida,103,517472,,
2552,2553,2006-07-04,Industrial,Alquiler,Girona,74,304288,2007-05-07,Luisa
2553,2554,2006-07-04,Industrial,Alquiler,Barcelona,275,2415325,2006-12-17,Carmen
2554,2555,2006-07-04,Casa,Venta,Barcelona,267,2091144,2006-12-24,Luisa
2555,2556,2006-07-04,Oficina,Venta,Barcelona,250,1298500,2006-11-24,Joaquín
2556,2557,2006-07-05,Parking,Alquiler,Barcelona,283,1470185,2006-12-18,Jesús
2557,2558,2006-07-06,Industrial,Alquiler,Barcelona,212,1758964,2007-03-24,Luisa
2558,2559,2006-07-06,Local,Alquiler,Girona,76,546440,2007-04-10,Luisa
2559,2560,2006-07-07,Piso,Venta,Girona,136,580856,,
2560,2561,2006-07-07,Piso,Alquiler,Girona,58,350610,2007-03-09,María
2561,2562,2006-07-07,Industrial,Venta,Girona,144,598320,,
2562,2563,2006-07-08,Piso,Alquiler,Barcelona,245,1284045,2007-05-07,Joaquín
2563,2564,2006-07-08,Local,Venta,Girona,103,766320,2007-04-24,Jesús
2564,2565,2006-07-08,Local,Alquiler,Barcelona,155,845370,2007-04-13,Joaquín
2565,2566,2006-07-09,Oficina,Venta,Barcelona,81,654885,2006-11-13,Pedro
2566,2567,2006-07-09,Suelo,Venta,Barcelona,157,914839,2006-10-21,Jesús
2567,2568,2006-07-10,Casa,Alquiler,Lleida,83,503478,2007-04-04,Joaquín
2568,2569,2006-07-10,Local,Alquiler,Girona,50,390400,2007-01-15,Carmen
2569,2570,2006-07-10,Parking,Venta,Barcelona,93,512430,2007-04-28,Carmen
2570,2571,2006-07-10,Suelo,Venta,Tarragona,191,1127473,2007-04-01,Luisa
2571,2572,2006-07-10,Industrial,Venta,Tarragona,169,1154101,,
2572,2573,2006-07-11,Industrial,Venta,Lleida,138,668748,2007-01-19,Carmen
2573,2574,2006-07-11,Parking,Venta,Barcelona,256,2470912,,
2574,2575,2006-07-13,Oficina,Venta,Lleida,58,409712,,
2575,2576,2006-07-13,Suelo,Venta,Barcelona,167,888941,2007-04-19,Luisa
2576,2577,2006-07-13,Piso,Alquiler,Lleida,290,2702220,2007-03-16,Carmen
2577,2578,2006-07-14,Piso,Alquiler,Tarragona,139,879870,2007-02-21,Pedro
2578,2579,2006-07-16,Parking,Alquiler,Girona,274,2189534,2006-11-17,Luisa
2579,2580,2006-07-16,Industrial,Alquiler,Lleida,83,375243,2007-01-14,Pedro
2580,2581,2006-07-16,Oficina,Venta,Girona,130,1061710,2007-03-11,Pedro
2581,2582,2006-07-16,Casa,Venta,Girona,101,889608,2007-01-13,María
2582,2583,2006-07-17,Suelo,Alquiler,Barcelona,155,950615,2006-11-15,María
2583,2584,2006-07-17,Suelo,Alquiler,Barcelona,234,1016964,2007-03-18,Luisa
2584,2585,2006-07-17,Piso,Alquiler,Girona,244,1315648,2007-03-01,María
2585,2586,2006-07-18,Suelo,Alquiler,Lleida,252,1889748,2006-11-23,Luisa
2586,2587,2006-07-18,Casa,Venta,Barcelona,229,1634373,2006-12-19,Jesús
2587,2588,2006-07-18,Industrial,Venta,Barcelona,193,1559054,,
2588,2589,2006-07-18,Industrial,Alquiler,Barcelona,132,949344,,
2589,2590,2006-07-19,Suelo,Alquiler,Lleida,273,2682225,2007-02-04,Pedro
2590,2591,2006-07-19,Suelo,Venta,Tarragona,213,1359579,2007-02-24,Carmen
2591,2592,2006-07-19,Parking,Venta,Girona,150,1076250,2006-11-05,Carmen
2592,2593,2006-07-19,Parking,Alquiler,Girona,147,891849,,
2593,2594,2006-07-20,Local,Venta,Lleida,265,1632930,2007-03-08,María
2594,2595,2006-07-20,Oficina,Alquiler,Girona,170,1039380,2006-11-25,Joaquín
2595,2596,2006-07-21,Oficina,Venta,Barcelona,258,1700994,2006-10-23,Jesús
2596,2597,2006-07-21,Suelo,Venta,Girona,68,489600,2007-03-17,Jesús
2597,2598,2006-07-21,Oficina,Alquiler,Barcelona,91,659022,2007-02-26,Pedro
2598,2599,2006-07-22,Casa,Venta,Lleida,259,1626779,2007-05-01,Joaquín
2599,2600,2006-07-22,Parking,Venta,Barcelona,64,485824,2007-02-24,María
2600,2601,2006-07-22,Parking,Venta,Girona,200,1021000,2006-11-20,Joaquín
2601,2602,2006-07-23,Oficina,Alquiler,Lleida,157,1095860,2007-04-21,Luisa
2602,2603,2006-07-23,Parking,Venta,Girona,98,497546,2006-12-24,Luisa
2603,2604,2006-07-24,Oficina,Venta,Barcelona,112,670208,2007-02-25,María
2604,2605,2006-07-24,Piso,Alquiler,Lleida,163,1550456,2007-02-03,Carmen
2605,2606,2006-07-24,Piso,Alquiler,Tarragona,293,1431891,,
2606,2607,2006-07-25,Piso,Alquiler,Lleida,195,1899690,2006-11-18,Jesús
2607,2608,2006-07-25,Parking,Alquiler,Lleida,159,931104,2007-03-20,María
2608,2609,2006-07-26,Parking,Alquiler,Girona,123,714999,,
2609,2610,2006-07-27,Oficina,Venta,Barcelona,143,1365936,2007-03-13,María
2610,2611,2006-07-27,Parking,Alquiler,Tarragona,177,1064301,,
2611,2612,2006-07-27,Oficina,Venta,Girona,65,598195,2006-10-30,Joaquín
2612,2613,2006-07-28,Casa,Venta,Barcelona,294,2618364,,
2613,2614,2006-07-28,Parking,Venta,Tarragona,242,1844282,,
2614,2615,2006-07-28,Casa,Alquiler,Barcelona,239,2199995,2007-03-04,Jesús
2615,2616,2006-07-28,Parking,Alquiler,Lleida,282,1170300,2006-12-15,Jesús
2616,2617,2006-07-29,Suelo,Alquiler,Barcelona,117,610740,2007-04-06,María
2617,2618,2006-07-29,Industrial,Venta,Lleida,84,769860,2007-01-02,Joaquín
2618,2619,2006-07-30,Local,Alquiler,Barcelona,93,867783,2006-12-30,María
2619,2620,2006-07-31,Suelo,Alquiler,Lleida,102,688092,2007-01-21,Joaquín
2620,2621,2006-07-31,Suelo,Venta,Tarragona,194,1476534,2006-11-27,Luisa
2621,2622,2006-07-31,Oficina,Alquiler,Lleida,291,2874207,2007-04-24,Jesús
2622,2623,2006-07-31,Parking,Alquiler,Lleida,108,1002348,,
2623,2624,2006-07-31,Piso,Alquiler,Tarragona,52,395096,2007-03-21,María
2624,2625,2006-08-01,Local,Venta,Tarragona,277,1232927,,
2625,2626,2006-08-01,Suelo,Venta,Girona,97,515555,,
2626,2627,2006-08-02,Suelo,Venta,Girona,259,1202537,2007-04-16,María
2627,2628,2006-08-02,Parking,Alquiler,Lleida,237,1732233,2007-01-23,Pedro
2628,2629,2006-08-02,Suelo,Venta,Tarragona,295,1706280,2007-02-03,Joaquín
2629,2630,2006-08-03,Parking,Alquiler,Tarragona,53,395751,2007-04-18,Joaquín
2630,2631,2006-08-03,Piso,Venta,Lleida,291,1776555,,
2631,2632,2006-08-04,Industrial,Venta,Lleida,186,1527618,2007-03-26,Joaquín
2632,2633,2006-08-04,Piso,Venta,Tarragona,115,880440,2007-01-21,María
2633,2634,2006-08-06,Suelo,Venta,Girona,234,1994382,2007-03-04,María
2634,2635,2006-08-06,Piso,Alquiler,Tarragona,253,2211979,2007-03-05,María
2635,2636,2006-08-07,Parking,Alquiler,Barcelona,169,1673607,2007-01-07,Luisa
2636,2637,2006-08-07,Parking,Venta,Girona,249,1422537,2007-04-02,Luisa
2637,2638,2006-08-08,Oficina,Alquiler,Girona,97,696169,,
2638,2639,2006-08-08,Parking,Venta,Girona,211,1456322,2006-11-23,Carmen
2639,2640,2006-08-08,Local,Venta,Tarragona,78,596778,2006-12-06,Pedro
2640,2641,2006-08-08,Oficina,Venta,Girona,133,1053227,2007-01-30,Jesús
2641,2642,2006-08-08,Industrial,Alquiler,Lleida,275,2171950,,
2642,2643,2006-08-09,Casa,Alquiler,Lleida,274,1233000,2007-02-05,Joaquín
2643,2644,2006-08-09,Industrial,Venta,Barcelona,282,2205240,,
2644,2645,2006-08-10,Casa,Venta,Lleida,232,1341656,2006-12-01,Joaquín
2645,2646,2006-08-11,Oficina,Alquiler,Tarragona,268,1984808,2007-03-06,Carmen
2646,2647,2006-08-11,Industrial,Alquiler,Barcelona,270,1705320,2007-03-26,Luisa
2647,2648,2006-08-11,Local,Alquiler,Barcelona,220,1772540,2006-12-25,Pedro
2648,2649,2006-08-11,Casa,Venta,Girona,112,1093456,2007-01-24,Pedro
2649,2650,2006-08-11,Piso,Venta,Tarragona,275,1324125,2006-12-31,Carmen
2650,2651,2006-08-12,Industrial,Alquiler,Barcelona,126,1199394,,
2651,2652,2006-08-13,Local,Venta,Tarragona,98,957264,,
2652,2653,2006-08-13,Parking,Venta,Barcelona,110,643060,2006-12-24,Carmen
2653,2654,2006-08-13,Piso,Alquiler,Girona,297,2909412,,
2654,2655,2006-08-13,Suelo,Venta,Lleida,118,891136,,
2655,2656,2006-08-13,Oficina,Alquiler,Barcelona,86,733236,2006-12-15,Jesús
2656,2657,2006-08-14,Oficina,Alquiler,Barcelona,192,1622400,2006-11-16,Carmen
2657,2658,2006-08-14,Parking,Alquiler,Tarragona,207,1473219,2007-02-20,Jesús
2658,2659,2006-08-14,Oficina,Venta,Tarragona,73,395149,,
2659,2660,2006-08-15,Casa,Alquiler,Tarragona,61,563762,,
2660,2661,2006-08-16,Oficina,Venta,Girona,81,557604,2006-12-17,Carmen
2661,2662,2006-08-17,Local,Venta,Lleida,179,954249,2006-12-21,Carmen
2662,2663,2006-08-17,Suelo,Alquiler,Girona,116,1041448,,
2663,2664,2006-08-19,Parking,Venta,Lleida,164,1165548,,
2664,2665,2006-08-21,Industrial,Alquiler,Girona,71,336043,2007-03-05,Luisa
2665,2666,2006-08-21,Oficina,Venta,Barcelona,258,2539236,2007-01-11,Joaquín
2666,2667,2006-08-21,Parking,Alquiler,Lleida,118,853494,,
2667,2668,2006-08-21,Piso,Venta,Tarragona,84,554148,,
2668,2669,2006-08-22,Industrial,Venta,Girona,165,889350,2007-01-11,Carmen
2669,2670,2006-08-22,Suelo,Alquiler,Barcelona,215,1694630,,
2670,2671,2006-08-22,Parking,Venta,Lleida,99,925749,,
2671,2672,2006-08-22,Local,Venta,Barcelona,128,996096,2007-04-27,Luisa
2672,2673,2006-08-22,Parking,Alquiler,Barcelona,40,380280,2007-03-29,Jesús
2673,2674,2006-08-23,Casa,Venta,Barcelona,173,760854,2007-03-13,Jesús
2674,2675,2006-08-23,Piso,Venta,Barcelona,41,219145,2006-12-21,Carmen
2675,2676,2006-08-23,Piso,Venta,Girona,294,2574558,,
2676,2677,2006-08-24,Suelo,Venta,Lleida,214,1114940,,
2677,2678,2006-08-24,Casa,Venta,Tarragona,239,1793695,2006-12-16,Carmen
2678,2679,2006-08-25,Piso,Alquiler,Girona,58,326598,2007-03-23,María
2679,2680,2006-08-25,Local,Venta,Tarragona,228,1096452,2007-03-31,Luisa
2680,2681,2006-08-26,Parking,Alquiler,Barcelona,61,531493,2007-01-03,Jesús
2681,2682,2006-08-26,Suelo,Venta,Lleida,269,1971501,,
2682,2683,2006-08-26,Parking,Alquiler,Barcelona,59,307744,2007-04-28,María
2683,2684,2006-08-27,Suelo,Alquiler,Barcelona,67,506252,,
2684,2685,2006-08-27,Piso,Alquiler,Girona,76,498560,2007-01-28,Pedro
2685,2686,2006-08-28,Casa,Alquiler,Tarragona,199,1277381,,
2686,2687,2006-08-28,Piso,Alquiler,Barcelona,146,1287428,,
2687,2688,2006-08-28,Parking,Venta,Girona,220,1230240,,
2688,2689,2006-08-28,Piso,Venta,Girona,263,2173169,2007-01-20,María
2689,2690,2006-08-29,Local,Venta,Barcelona,272,2399312,2006-12-28,Luisa
2690,2691,2006-08-29,Parking,Alquiler,Girona,44,380072,2006-12-14,Joaquín
2691,2692,2006-08-29,Casa,Alquiler,Tarragona,73,354853,,
2692,2693,2006-08-29,Piso,Venta,Tarragona,215,1981440,2007-05-03,Jesús
2693,2694,2006-08-30,Piso,Venta,Lleida,233,2200452,,
2694,2695,2006-08-30,Suelo,Venta,Girona,186,1695948,2007-03-23,Pedro
2695,2696,2006-08-30,Casa,Venta,Tarragona,255,2080290,2007-01-19,Luisa
2696,2697,2006-08-31,Oficina,Venta,Barcelona,298,2977318,,
2697,2698,2006-09-01,Local,Alquiler,Barcelona,43,403770,2007-02-28,Jesús
2698,2699,2006-09-01,Piso,Venta,Tarragona,70,634130,2007-02-19,Joaquín
2699,2700,2006-09-02,Piso,Venta,Girona,179,1025491,,
2700,2701,2006-09-03,Suelo,Venta,Girona,203,1191610,2006-12-24,María
2701,2702,2006-09-03,Industrial,Alquiler,Tarragona,158,1553772,2007-04-20,Luisa
2702,2703,2006-09-04,Casa,Venta,Barcelona,289,2534241,2007-01-28,María
2703,2704,2006-09-04,Casa,Alquiler,Barcelona,221,1556282,,
2704,2705,2006-09-04,Casa,Alquiler,Tarragona,67,613251,2007-03-08,Joaquín
2705,2706,2006-09-04,Local,Alquiler,Lleida,171,1176480,,
2706,2707,2006-09-05,Piso,Venta,Tarragona,51,351492,2007-01-26,María
2707,2708,2006-09-05,Local,Alquiler,Girona,242,2326346,,
2708,2709,2006-09-06,Casa,Alquiler,Girona,291,1643568,,
2709,2710,2006-09-06,Piso,Alquiler,Girona,274,2445724,2006-12-20,Luisa
2710,2711,2006-09-07,Parking,Venta,Girona,286,2153580,,
2711,2712,2006-09-07,Suelo,Alquiler,Tarragona,71,348823,,
2712,2713,2006-09-07,Oficina,Venta,Girona,239,1994933,2007-04-09,Carmen
2713,2714,2006-09-07,Industrial,Alquiler,Girona,53,478431,2007-01-28,Carmen
2714,2715,2006-09-07,Parking,Alquiler,Lleida,151,1110907,,
2715,2716,2006-09-07,Local,Venta,Lleida,224,2076480,,
2716,2717,2006-09-08,Suelo,Alquiler,Tarragona,94,407114,2007-04-24,Pedro
2717,2718,2006-09-08,Oficina,Venta,Tarragona,245,1349705,,
2718,2719,2006-09-08,Piso,Alquiler,Lleida,122,770552,,
2719,2720,2006-09-09,Casa,Venta,Lleida,188,918380,,
2720,2721,2006-09-09,Parking,Venta,Tarragona,48,256992,,
2721,2722,2006-09-10,Parking,Venta,Barcelona,251,2180939,,
2722,2723,2006-09-10,Oficina,Alquiler,Lleida,142,680606,2007-02-19,Pedro
2723,2724,2006-09-10,Parking,Venta,Lleida,202,874256,,
2724,2725,2006-09-10,Oficina,Alquiler,Tarragona,285,1299315,,
2725,2726,2006-09-11,Piso,Venta,Tarragona,100,545100,2007-01-11,Pedro
2726,2727,2006-09-11,Local,Venta,Tarragona,230,1580790,2007-03-04,Carmen
2727,2728,2006-09-12,Industrial,Alquiler,Lleida,109,591325,2007-01-07,Joaquín
2728,2729,2006-09-12,Oficina,Venta,Lleida,183,920490,,
2729,2730,2006-09-13,Parking,Venta,Barcelona,68,583236,,
2730,2731,2006-09-13,Piso,Venta,Barcelona,294,2885316,2007-02-13,María
2731,2732,2006-09-14,Oficina,Venta,Lleida,225,1239525,,
2732,2733,2006-09-14,Piso,Alquiler,Tarragona,117,482274,2007-05-02,María
2733,2734,2006-09-15,Local,Venta,Girona,197,1967242,2006-12-28,Pedro
2734,2735,2006-09-15,Oficina,Venta,Lleida,151,1057755,,
2735,2736,2006-09-16,Suelo,Alquiler,Lleida,224,1956864,2007-01-28,Carmen
2736,2737,2006-09-16,Oficina,Alquiler,Barcelona,72,604440,,
2737,2738,2006-09-16,Parking,Alquiler,Lleida,109,535408,2007-01-06,Joaquín
2738,2739,2006-09-17,Oficina,Alquiler,Tarragona,126,779058,,
2739,2740,2006-09-18,Oficina,Venta,Lleida,239,2297985,,
2740,2741,2006-09-19,Industrial,Venta,Barcelona,144,672192,2007-02-15,María
2741,2742,2006-09-19,Suelo,Venta,Lleida,182,1298752,,
2742,2743,2006-09-19,Piso,Venta,Tarragona,137,578688,,
2743,2744,2006-09-19,Industrial,Venta,Tarragona,245,1728230,,
2744,2745,2006-09-19,Oficina,Venta,Barcelona,164,1040252,2007-01-02,Carmen
2745,2746,2006-09-20,Suelo,Venta,Barcelona,131,1134984,,
2746,2747,2006-09-20,Suelo,Alquiler,Tarragona,208,2066688,,
2747,2748,2006-09-20,Industrial,Venta,Tarragona,132,579348,2006-12-31,Carmen
2748,2749,2006-09-21,Casa,Venta,Lleida,211,1326135,,
2749,2750,2006-09-21,Parking,Venta,Lleida,257,2121278,2007-02-23,Joaquín
2750,2751,2006-09-21,Industrial,Alquiler,Barcelona,279,1262196,2007-04-24,Jesús
2751,2752,2006-09-22,Local,Venta,Girona,257,2242839,,
2752,2753,2006-09-22,Suelo,Venta,Lleida,138,1317210,2007-01-07,María
2753,2754,2006-09-23,Piso,Venta,Barcelona,254,2001266,2007-02-10,Luisa
2754,2755,2006-09-23,Oficina,Alquiler,Girona,134,1088616,2007-03-11,María
2755,2756,2006-09-23,Oficina,Venta,Girona,261,1475172,,
2756,2757,2006-09-25,Oficina,Alquiler,Tarragona,189,958608,2007-02-23,Jesús
2757,2758,2006-09-25,Piso,Venta,Lleida,98,458346,,
2758,2759,2006-09-25,Suelo,Alquiler,Lleida,41,185976,2007-01-19,Luisa
2759,2760,2006-09-25,Piso,Alquiler,Barcelona,110,641080,2007-01-31,Carmen
2760,2761,2006-09-26,Suelo,Alquiler,Tarragona,77,375067,2007-01-10,Carmen
2761,2762,2006-09-27,Local,Venta,Tarragona,211,1819875,,
2762,2763,2006-09-27,Oficina,Venta,Lleida,135,1345545,2007-05-07,Luisa
2763,2764,2006-09-28,Casa,Alquiler,Lleida,133,976885,2007-01-14,Pedro
2764,2765,2006-09-28,Suelo,Venta,Lleida,115,1094225,,
2765,2766,2006-09-28,Suelo,Alquiler,Girona,194,1519214,,
2766,2767,2006-09-29,Industrial,Venta,Barcelona,216,1734264,2007-05-06,Pedro
2767,2768,2006-09-29,Casa,Venta,Barcelona,258,1536906,,
2768,2769,2006-09-30,Casa,Venta,Girona,142,1194078,2007-03-30,Joaquín
2769,2770,2006-09-30,Piso,Venta,Girona,244,2291404,2007-04-23,María
2770,2771,2006-10-02,Industrial,Venta,Girona,77,496881,2007-02-01,Luisa
2771,2772,2006-10-02,Local,Alquiler,Girona,72,372672,2007-05-04,María
2772,2773,2006-10-02,Piso,Venta,Barcelona,292,1536212,,
2773,2774,2006-10-02,Suelo,Alquiler,Girona,271,1780199,2007-03-20,Carmen
2774,2775,2006-10-03,Local,Venta,Barcelona,192,1484544,,
2775,2776,2006-10-04,Piso,Venta,Girona,290,2381770,2007-03-11,María
2776,2777,2006-10-04,Industrial,Venta,Tarragona,284,2072632,2007-02-02,Joaquín
2777,2778,2006-10-04,Piso,Venta,Lleida,145,949025,2007-01-20,Joaquín
2778,2779,2006-10-04,Casa,Venta,Girona,295,1658785,,
2779,2780,2006-10-05,Industrial,Venta,Girona,157,1242498,2007-03-26,Luisa
2780,2781,2006-10-05,Suelo,Venta,Tarragona,95,724090,,
2781,2782,2006-10-05,Industrial,Venta,Barcelona,182,896532,,
2782,2783,2006-10-06,Local,Venta,Tarragona,223,985883,2007-04-14,Luisa
2783,2784,2006-10-06,Oficina,Venta,Barcelona,272,2008176,,
2784,2785,2006-10-07,Suelo,Venta,Girona,51,288966,,
2785,2786,2006-10-07,Suelo,Venta,Tarragona,215,1015015,2007-03-03,Carmen
2786,2787,2006-10-07,Casa,Venta,Tarragona,123,1211427,2007-04-09,Jesús
2787,2788,2006-10-08,Piso,Alquiler,Barcelona,59,552476,,
2788,2789,2006-10-08,Suelo,Alquiler,Girona,136,777240,2007-04-04,Carmen
2789,2790,2006-10-08,Industrial,Venta,Girona,212,1565620,2007-04-04,María
2790,2791,2006-10-08,Piso,Venta,Barcelona,99,914463,2007-01-22,Jesús
2791,2792,2006-10-08,Local,Venta,Lleida,217,1770503,2007-02-11,Pedro
2792,2793,2006-10-09,Casa,Venta,Girona,250,1370500,,
2793,2794,2006-10-09,Casa,Venta,Girona,57,360582,,
2794,2795,2006-10-09,Local,Alquiler,Lleida,280,2327080,,
2795,2796,2006-10-09,Local,Alquiler,Barcelona,191,1345213,,
2796,2797,2006-10-10,Parking,Venta,Lleida,275,2096050,,
2797,2798,2006-10-10,Oficina,Alquiler,Tarragona,202,1028988,,
2798,2799,2006-10-11,Oficina,Alquiler,Barcelona,178,1319336,,
2799,2800,2006-10-11,Casa,Venta,Barcelona,212,2108128,,
2800,2801,2006-10-13,Suelo,Venta,Tarragona,189,1794366,,
2801,2802,2006-10-13,Oficina,Venta,Lleida,64,594880,2007-04-06,Luisa
2802,2803,2006-10-13,Parking,Venta,Tarragona,244,2429752,2007-01-15,Carmen
2803,2804,2006-10-13,Suelo,Alquiler,Lleida,117,762606,,
2804,2805,2006-10-13,Local,Venta,Girona,271,1923558,2007-04-17,Luisa
2805,2806,2006-10-13,Oficina,Alquiler,Tarragona,271,2621925,2007-02-19,Carmen
2806,2807,2006-10-14,Piso,Venta,Barcelona,133,1066527,2007-04-30,Luisa
2807,2808,2006-10-14,Suelo,Alquiler,Tarragona,293,2560527,,
2808,2809,2006-10-15,Parking,Venta,Girona,206,1659742,2007-03-08,Jesús
2809,2810,2006-10-15,Industrial,Alquiler,Lleida,83,695789,2007-02-18,Carmen
2810,2811,2006-10-16,Oficina,Alquiler,Lleida,250,1480500,2007-02-19,Luisa
2811,2812,2006-10-16,Local,Venta,Tarragona,85,839630,,
2812,2813,2006-10-17,Industrial,Venta,Barcelona,292,1905300,2007-03-12,Carmen
2813,2814,2006-10-17,Casa,Alquiler,Barcelona,128,544896,,
2814,2815,2006-10-17,Local,Venta,Girona,181,1405465,,
2815,2816,2006-10-18,Industrial,Alquiler,Barcelona,92,538568,,
2816,2817,2006-10-18,Local,Alquiler,Tarragona,166,1573514,2007-03-17,Pedro
2817,2818,2006-10-18,Casa,Venta,Tarragona,44,224928,,
2818,2819,2006-10-18,Oficina,Venta,Tarragona,234,1438866,,
2819,2820,2006-10-19,Local,Venta,Lleida,122,817156,,
2820,2821,2006-10-19,Casa,Venta,Lleida,239,1215554,2007-05-03,Luisa
2821,2822,2006-10-21,Local,Alquiler,Tarragona,123,961368,,
2822,2823,2006-10-21,Local,Alquiler,Lleida,128,1162624,,
2823,2824,2006-10-22,Parking,Venta,Girona,196,1210496,,
2824,2825,2006-10-22,Casa,Venta,Lleida,275,2669425,2007-03-23,Jesús
2825,2826,2006-10-23,Industrial,Alquiler,Barcelona,242,1250172,2007-03-08,María
2826,2827,2006-10-23,Oficina,Venta,Lleida,236,1300360,,
2827,2828,2006-10-23,Parking,Venta,Tarragona,187,1513765,,
2828,2829,2006-10-23,Local,Alquiler,Girona,273,1766310,,
2829,2830,2006-10-24,Suelo,Alquiler,Tarragona,187,1469446,2007-03-31,Joaquín
2830,2831,2006-10-24,Parking,Alquiler,Tarragona,221,1318707,,
2831,2832,2006-10-24,Oficina,Alquiler,Girona,224,1126944,2007-04-07,Joaquín
2832,2833,2006-10-25,Parking,Alquiler,Lleida,137,931463,,
2833,2834,2006-10-25,Piso,Venta,Tarragona,192,1661760,,
2834,2835,2006-10-26,Local,Venta,Lleida,293,1956068,2007-05-03,Jesús
2835,2836,2006-10-26,Piso,Alquiler,Lleida,111,529137,,
2836,2837,2006-10-26,Industrial,Venta,Girona,50,466850,,
2837,2838,2006-10-26,Industrial,Alquiler,Girona,41,379291,2007-04-26,María
2838,2839,2006-10-26,Local,Venta,Barcelona,53,506256,,
2839,2840,2006-10-28,Casa,Alquiler,Tarragona,247,1107301,,
2840,2841,2006-10-29,Industrial,Alquiler,Barcelona,172,1167020,2007-03-28,Pedro
2841,2842,2006-10-29,Casa,Alquiler,Girona,125,1041625,2007-05-04,Pedro
2842,2843,2006-10-29,Suelo,Alquiler,Lleida,245,1240925,,
2843,2844,2006-10-29,Suelo,Alquiler,Girona,73,660577,2007-03-25,Carmen
2844,2845,2006-10-29,Industrial,Venta,Girona,247,1843361,2007-01-30,Pedro
2845,2846,2006-10-29,Piso,Alquiler,Tarragona,156,887328,,
2846,2847,2006-10-30,Parking,Alquiler,Lleida,63,416997,2007-03-13,Joaquín
2847,2848,2006-10-30,Casa,Alquiler,Tarragona,99,455499,,
2848,2849,2006-10-31,Piso,Alquiler,Girona,285,1940565,,
2849,2850,2006-10-31,Parking,Venta,Barcelona,285,1638750,2007-05-04,Carmen
2850,2851,2006-10-31,Oficina,Venta,Girona,294,2267622,,
2851,2852,2006-11-01,Local,Alquiler,Tarragona,121,567611,2007-03-18,Jesús
2852,2853,2006-11-01,Piso,Alquiler,Tarragona,260,2292160,2007-03-07,Jesús
2853,2854,2006-11-02,Casa,Venta,Girona,190,1105230,,
2854,2855,2006-11-02,Oficina,Alquiler,Lleida,47,400816,2007-03-28,Carmen
2855,2856,2006-11-02,Casa,Venta,Girona,141,821889,,
2856,2857,2006-11-03,Suelo,Alquiler,Barcelona,283,2569923,2007-03-28,Pedro
2857,2858,2006-11-03,Parking,Alquiler,Lleida,123,963459,,
2858,2859,2006-11-03,Parking,Alquiler,Lleida,141,763938,2007-05-06,Jesús
2859,2860,2006-11-03,Parking,Alquiler,Lleida,43,294722,2007-05-05,Jesús
2860,2861,2006-11-03,Suelo,Alquiler,Barcelona,76,354084,,
2861,2862,2006-11-03,Parking,Alquiler,Girona,275,1623600,2007-04-28,Pedro
2862,2863,2006-11-03,Industrial,Venta,Girona,67,637103,2007-04-26,Pedro
2863,2864,2006-11-04,Oficina,Venta,Lleida,130,1186380,2007-03-06,Jesús
2864,2865,2006-11-04,Local,Alquiler,Girona,197,1704050,,
2865,2866,2006-11-04,Piso,Venta,Lleida,292,1427004,,
2866,2867,2006-11-05,Industrial,Alquiler,Lleida,208,1269008,,
2867,2868,2006-11-05,Oficina,Venta,Lleida,248,1270256,,
2868,2869,2006-11-05,Industrial,Alquiler,Barcelona,75,480600,,
2869,2870,2006-11-05,Casa,Alquiler,Barcelona,212,1357648,2007-04-25,Luisa
2870,2871,2006-11-05,Industrial,Venta,Lleida,246,2345364,,
2871,2872,2006-11-06,Parking,Venta,Lleida,267,1516293,2007-02-21,Joaquín
2872,2873,2006-11-07,Industrial,Venta,Barcelona,136,1262624,2007-03-27,Carmen
2873,2874,2006-11-07,Oficina,Venta,Girona,67,342705,,
2874,2875,2006-11-07,Local,Alquiler,Girona,166,1607710,,
2875,2876,2006-11-07,Casa,Venta,Girona,129,722013,2007-03-18,Carmen
2876,2877,2006-11-08,Local,Alquiler,Barcelona,174,799356,,
2877,2878,2006-11-08,Parking,Venta,Girona,124,950832,,
2878,2879,2006-11-08,Oficina,Venta,Lleida,165,1355805,,
2879,2880,2006-11-09,Parking,Alquiler,Lleida,295,1767345,2007-04-03,Jesús
2880,2881,2006-11-09,Local,Venta,Girona,127,815467,2007-04-25,Pedro
2881,2882,2006-11-09,Piso,Venta,Tarragona,55,238975,,
2882,2883,2006-11-09,Casa,Venta,Barcelona,70,407610,,
2883,2884,2006-11-09,Piso,Alquiler,Lleida,285,2565285,,
2884,2885,2006-11-09,Industrial,Alquiler,Lleida,195,1414140,,
2885,2886,2006-11-10,Suelo,Alquiler,Girona,201,850029,2007-04-22,María
2886,2887,2006-11-10,Local,Alquiler,Girona,61,265289,2007-02-17,Carmen
2887,2888,2006-11-11,Local,Alquiler,Barcelona,239,1197390,,
2888,2889,2006-11-11,Piso,Alquiler,Lleida,223,1071515,2007-03-20,Luisa
2889,2890,2006-11-12,Industrial,Venta,Barcelona,72,449064,,
2890,2891,2006-11-12,Suelo,Alquiler,Lleida,132,936672,,
2891,2892,2006-11-13,Industrial,Venta,Barcelona,262,2517034,,
2892,2893,2006-11-13,Parking,Alquiler,Lleida,186,1464192,,
2893,2894,2006-11-13,Oficina,Alquiler,Lleida,173,934200,,
2894,2895,2006-11-14,Suelo,Venta,Tarragona,124,1014196,,
2895,2896,2006-11-14,Oficina,Alquiler,Lleida,234,979056,2007-04-26,Jesús
2896,2897,2006-11-16,Piso,Alquiler,Girona,258,1058832,,
2897,2898,2006-11-17,Casa,Alquiler,Tarragona,214,1771492,,
2898,2899,2006-11-17,Industrial,Venta,Girona,105,1045905,2007-04-24,Joaquín
2899,2900,2006-11-18,Suelo,Venta,Girona,51,344811,,
2900,2901,2006-11-18,Casa,Venta,Tarragona,70,598290,,
2901,2902,2006-11-19,Parking,Venta,Girona,135,563760,2007-03-13,Pedro
2902,2903,2006-11-19,Piso,Venta,Barcelona,199,1370911,,
2903,2904,2006-11-20,Industrial,Alquiler,Girona,149,1454836,,
2904,2905,2006-11-20,Casa,Alquiler,Tarragona,282,1239672,2007-03-10,Jesús
2905,2906,2006-11-20,Industrial,Alquiler,Lleida,169,720278,,
2906,2907,2006-11-21,Piso,Alquiler,Tarragona,113,879366,,
2907,2908,2006-11-22,Local,Alquiler,Lleida,128,669056,2007-03-15,Joaquín
2908,2909,2006-11-22,Local,Alquiler,Tarragona,228,2081868,,
2909,2910,2006-11-23,Suelo,Alquiler,Tarragona,125,1166375,,
2910,2911,2006-11-23,Piso,Alquiler,Lleida,282,1234032,2007-04-17,Joaquín
2911,2912,2006-11-24,Local,Venta,Lleida,218,2102174,,
2912,2913,2006-11-24,Parking,Venta,Barcelona,131,1008176,,
2913,2914,2006-11-24,Industrial,Alquiler,Tarragona,67,282405,,
2914,2915,2006-11-24,Parking,Venta,Barcelona,185,1635030,,
2915,2916,2006-11-24,Suelo,Venta,Tarragona,176,1185536,,
2916,2917,2006-11-26,Local,Venta,Lleida,265,1820285,,
2917,2918,2006-11-27,Casa,Alquiler,Barcelona,141,1045233,,
2918,2919,2006-11-27,Parking,Venta,Lleida,49,327271,,
2919,2920,2006-11-27,Oficina,Alquiler,Girona,99,831204,,
2920,2921,2006-11-27,Casa,Alquiler,Girona,77,360822,,
2921,2922,2006-11-27,Suelo,Venta,Tarragona,60,288360,2007-03-25,Jesús
2922,2923,2006-11-28,Casa,Alquiler,Tarragona,95,519365,,
2923,2924,2006-11-28,Local,Alquiler,Tarragona,175,890925,,
2924,2925,2006-11-28,Casa,Venta,Barcelona,49,367206,2007-04-03,Jesús
2925,2926,2006-11-28,Casa,Alquiler,Tarragona,197,1165649,,
2926,2927,2006-11-28,Oficina,Venta,Lleida,153,1095786,,
2927,2928,2006-11-29,Oficina,Venta,Lleida,180,1467360,,
2928,2929,2006-11-29,Casa,Alquiler,Lleida,253,1239700,,
2929,2930,2006-11-29,Parking,Venta,Girona,82,643290,,
2930,2931,2006-11-29,Local,Venta,Barcelona,230,1847590,,
2931,2932,2006-11-30,Piso,Venta,Lleida,86,707350,,
2932,2933,2006-11-30,Parking,Venta,Girona,44,353628,,
2933,2934,2006-11-30,Casa,Venta,Barcelona,261,1752093,,
2934,2935,2006-11-30,Oficina,Alquiler,Lleida,192,1169088,,
2935,2936,2006-11-30,Casa,Venta,Barcelona,219,883446,,
2936,2937,2006-12-01,Piso,Venta,Girona,100,905600,2007-05-07,Joaquín
2937,2938,2006-12-02,Oficina,Venta,Tarragona,114,1078668,2007-03-31,Jesús
2938,2939,2006-12-02,Parking,Venta,Barcelona,187,1274218,,
2939,2940,2006-12-02,Local,Venta,Barcelona,94,789976,2007-03-08,María
2940,2941,2006-12-03,Piso,Venta,Barcelona,274,2474220,,
2941,2942,2006-12-03,Casa,Alquiler,Lleida,145,684110,,
2942,2943,2006-12-04,Piso,Venta,Barcelona,261,2198403,2007-03-09,Joaquín
2943,2944,2006-12-04,Industrial,Alquiler,Girona,114,1130424,,
2944,2945,2006-12-05,Casa,Alquiler,Girona,151,693543,,
2945,2946,2006-12-05,Piso,Venta,Lleida,136,1323280,,
2946,2947,2006-12-06,Suelo,Venta,Barcelona,186,1367100,,
2947,2948,2006-12-06,Casa,Alquiler,Girona,138,1186524,2007-04-24,Joaquín
2948,2949,2006-12-07,Industrial,Alquiler,Lleida,96,450336,,
2949,2950,2006-12-07,Industrial,Alquiler,Tarragona,172,1270908,,
2950,2951,2006-12-07,Parking,Venta,Tarragona,147,1045317,,
2951,2952,2006-12-07,Casa,Alquiler,Lleida,236,2133204,2007-03-13,Pedro
2952,2953,2006-12-07,Casa,Alquiler,Girona,251,1528088,,
2953,2954,2006-12-08,Local,Venta,Barcelona,185,1255595,,
2954,2955,2006-12-08,Piso,Alquiler,Lleida,112,774144,,
2955,2956,2006-12-08,Industrial,Alquiler,Girona,59,432411,,
2956,2957,2006-12-09,Piso,Venta,Tarragona,61,258030,,
2957,2958,2006-12-09,Suelo,Alquiler,Girona,193,1059956,2007-03-10,María
2958,2959,2006-12-09,Casa,Alquiler,Lleida,119,888335,,
2959,2960,2006-12-10,Industrial,Venta,Girona,117,575640,,
2960,2961,2006-12-10,Local,Alquiler,Tarragona,257,2170622,2007-04-18,Jesús
2961,2962,2006-12-11,Oficina,Venta,Lleida,171,1696149,,
2962,2963,2006-12-11,Piso,Venta,Tarragona,197,1077196,2007-04-12,María
2963,2964,2006-12-11,Local,Venta,Tarragona,242,1246058,,
2964,2965,2006-12-11,Local,Venta,Barcelona,128,752896,,
2965,2966,2006-12-12,Parking,Alquiler,Barcelona,147,679140,,
2966,2967,2006-12-12,Casa,Venta,Barcelona,43,305128,,
2967,2968,2006-12-13,Industrial,Venta,Lleida,198,1094940,2007-03-25,Joaquín
2968,2969,2006-12-13,Industrial,Venta,Girona,109,703159,,
2969,2970,2006-12-14,Local,Alquiler,Barcelona,200,1385200,2007-03-31,Joaquín
2970,2971,2006-12-14,Industrial,Alquiler,Barcelona,291,2797092,,
2971,2972,2006-12-15,Casa,Alquiler,Tarragona,158,1185790,,
2972,2973,2006-12-15,Casa,Venta,Barcelona,134,1295914,,
2973,2974,2006-12-15,Piso,Venta,Girona,200,1559800,2007-04-23,Joaquín
2974,2975,2006-12-15,Local,Alquiler,Tarragona,164,1482068,,
2975,2976,2006-12-16,Industrial,Alquiler,Tarragona,48,249072,,
2976,2977,2006-12-16,Local,Alquiler,Lleida,248,1957960,,
2977,2978,2006-12-16,Piso,Venta,Tarragona,174,1377210,,
2978,2979,2006-12-16,Suelo,Alquiler,Girona,152,1147144,,
2979,2980,2006-12-17,Casa,Alquiler,Barcelona,200,1957200,,
2980,2981,2006-12-17,Piso,Alquiler,Barcelona,182,1421056,2007-04-04,María
2981,2982,2006-12-17,Oficina,Alquiler,Barcelona,72,339192,,
2982,2983,2006-12-18,Industrial,Alquiler,Girona,85,670310,,
2983,2984,2006-12-18,Suelo,Venta,Tarragona,93,910563,,
2984,2985,2006-12-19,Parking,Venta,Barcelona,200,1407200,,
2985,2986,2006-12-19,Casa,Venta,Barcelona,281,2244066,2007-03-26,Joaquín
2986,2987,2006-12-19,Piso,Alquiler,Tarragona,215,1408680,2007-03-20,Jesús
2987,2988,2006-12-20,Piso,Alquiler,Tarragona,242,1492656,,
2988,2989,2006-12-20,Local,Venta,Girona,255,1079670,,
2989,2990,2006-12-20,Suelo,Venta,Barcelona,48,247584,2007-04-08,Joaquín
2990,2991,2006-12-21,Parking,Venta,Barcelona,139,562394,,
2991,2992,2006-12-21,Parking,Venta,Lleida,95,776245,2007-04-15,Luisa
2992,2993,2006-12-22,Casa,Alquiler,Barcelona,100,835600,,
2993,2994,2006-12-23,Piso,Venta,Tarragona,223,1794927,,
2994,2995,2006-12-23,Parking,Venta,Barcelona,237,1997436,,
2995,2996,2006-12-23,Parking,Venta,Lleida,186,1844190,,
2996,2997,2006-12-24,Suelo,Venta,Tarragona,108,903960,,
2997,2998,2006-12-24,Piso,Alquiler,Girona,129,789738,,
2998,2999,2006-12-24,Suelo,Venta,Barcelona,263,1403631,,
2999,3000,2006-12-24,Local,Alquiler,Tarragona,141,1112631,,
3000,3001,2006-12-25,Local,Alquiler,Lleida,273,1993446,,
3001,3002,2006-12-25,Casa,Alquiler,Girona,226,2041006,,
3002,3003,2006-12-25,Industrial,Alquiler,Girona,80,709760,2007-05-02,Jesús
3003,3004,2006-12-26,Casa,Alquiler,Girona,211,2086368,,
3004,3005,2006-12-26,Casa,Alquiler,Girona,80,651360,,
3005,3006,2006-12-26,Suelo,Alquiler,Girona,219,913449,,
3006,3007,2006-12-26,Casa,Alquiler,Girona,297,2673000,,
3007,3008,2006-12-27,Piso,Alquiler,Girona,287,1882433,,
3008,3009,2006-12-27,Oficina,Venta,Tarragona,125,645250,,
3009,3010,2006-12-28,Suelo,Alquiler,Girona,292,1751124,,
3010,3011,2006-12-28,Local,Alquiler,Tarragona,224,1646624,,
3011,3012,2006-12-28,Parking,Venta,Lleida,182,1295840,,
3012,3013,2006-12-29,Oficina,Venta,Barcelona,257,1245165,,
3013,3014,2006-12-30,Casa,Venta,Lleida,135,1309365,,
3014,3015,2006-12-30,Industrial,Alquiler,Lleida,62,333312,,
3015,3016,2006-12-30,Industrial,Alquiler,Tarragona,149,667520,,
3016,3017,2006-12-30,Casa,Alquiler,Barcelona,264,1060488,2007-04-28,Joaquín
3017,3018,2006-12-31,Oficina,Venta,Lleida,69,483828,2007-05-05,Pedro
3018,3019,2006-12-31,Piso,Alquiler,Tarragona,64,478272,,
3019,3020,2006-12-31,Parking,Venta,Girona,146,1399264,,
3020,3021,2007-01-01,Industrial,Alquiler,Girona,199,1321161,,
3021,3022,2007-01-01,Parking,Alquiler,Barcelona,106,906830,,
3022,3023,2007-01-02,Industrial,Alquiler,Lleida,73,592030,,
3023,3024,2007-01-02,Industrial,Alquiler,Tarragona,273,1725087,,
3024,3025,2007-01-04,Oficina,Alquiler,Lleida,293,2662784,,
3025,3026,2007-01-04,Local,Alquiler,Lleida,94,821748,,
3026,3027,2007-01-05,Local,Alquiler,Lleida,167,1335499,,
3027,3028,2007-01-06,Parking,Venta,Girona,247,2398617,,
3028,3029,2007-01-06,Oficina,Venta,Lleida,56,486416,,
3029,3030,2007-01-07,Suelo,Alquiler,Girona,98,429730,,
3030,3031,2007-01-07,Industrial,Alquiler,Lleida,196,904344,2007-04-20,Pedro
3031,3032,2007-01-08,Casa,Venta,Tarragona,67,643200,,
3032,3033,2007-01-08,Industrial,Venta,Girona,119,571676,,
3033,3034,2007-01-08,Suelo,Venta,Lleida,107,885960,,
3034,3035,2007-01-08,Casa,Alquiler,Lleida,269,1520119,,
3035,3036,2007-01-09,Casa,Alquiler,Tarragona,286,1895036,,
3036,3037,2007-01-09,Oficina,Venta,Barcelona,196,1022140,,
3037,3038,2007-01-09,Casa,Alquiler,Tarragona,139,862634,,
3038,3039,2007-01-09,Suelo,Alquiler,Barcelona,185,1156990,,
3039,3040,2007-01-09,Suelo,Alquiler,Lleida,238,1108128,,
3040,3041,2007-01-09,Oficina,Venta,Tarragona,90,713250,,
3041,3042,2007-01-09,Parking,Venta,Barcelona,64,610816,,
3042,3043,2007-01-09,Local,Venta,Lleida,92,709596,2007-04-17,Carmen
3043,3044,2007-01-09,Oficina,Venta,Lleida,169,1635413,,
3044,3045,2007-01-10,Piso,Alquiler,Barcelona,222,1296258,,
3045,3046,2007-01-10,Parking,Venta,Barcelona,233,1077858,2007-04-30,María
3046,3047,2007-01-10,Oficina,Alquiler,Barcelona,196,1880032,,
3047,3048,2007-01-10,Local,Venta,Lleida,256,1934080,,
3048,3049,2007-01-10,Suelo,Venta,Girona,57,269724,,
3049,3050,2007-01-11,Oficina,Venta,Barcelona,100,440500,,
